{
    "handler": "Microsoft.Compute.MultiVm",
    "version": "0.1.2-preview",
    "parameters": {
        "basics": [
            {}
        ],
        "steps": [

            {
                "name": "Rebuild",
                "label" : "Rebuild Parameters",
                "subLabel":{
                    "preValidation": "Provide rebuild parameters",
                    "postValidation": "Done"
                },
                "bladeTitle": "Virtual machine rebuild parameters",
                "elements": [
                    {
                        "name": "Owner",
                        "type": "Microsoft.Common.TextBox",
                        "label": "Provide VM owner email Address",
                        "defaultValue": "",
                        "toolTip": "VM owner will be receiving notifications",
                        "visible": true
                    },
                    {
                        "name": "adminUsername",
                        "type": "Microsoft.Compute.UserNameTextBox",
                        "label": "User name",
                        "toolTip": "Admin username for the virtual machine",
                        "osPlatform": "Windows",
                        "constraints": {
                            "required": true
                        }
                    },
                    {
                        "name": "adminPassword",
                        "type": "Microsoft.Compute.CredentialsCombo",
                        "label": {
                            "password": "Password",
                            "confirmPassword": "Confirm password"
                        },
                        "toolTip": {
                            "password": "Admin password for the virtual machine"
                        },
                        "osPlatform": "Windows",
                        "constraints": {
                            "customPasswordRegex": "^(?=.*[A-Za-z])(?=.*\\d)[A-Za-z\\d]{8,}$",
                            "customValidationMessage": "The password must contain at least 8 characters",
                            "required": true
                        }
                    },
                    {
                        "name": "OSImage",
                        "type": "Microsoft.Common.TextBox",
                        "label": "Provide VM OS Image",
                        "defaultValue": "",
                        "toolTip": "VM owner will be receiving notifications",
                        "visible": true
                    },
                    {
                        "name": "vmNamePrefix",
                        "type": "Microsoft.Common.TextBox",
                        "label": "Virtual Machine Name",
                        "toolTip": "Virtual machine name for jumpbox",
                        "defaultValue": "",
                        "constraints": {
                            "required": true,
                            "regex": "[a-z][a-z0-9-]{1,15}[a-z0-9]$",
                            "validationMessage": "Must be 1-15 characters."
                        }
                    },
                    {
                        "name": "vmSize",
                        "type": "Microsoft.Common.TextBox",
                        "label": "VM Size",
                        "defaultValue": "",
                        "toolTip": "VM size",
                        "visible": true
                    },
                    {
                        "name": "VirtualNetworkResourceGroup",
                        "type": "Microsoft.Common.TextBox",
                        "label": "Virtual Network Resource Group Name",
                        "defaultValue": "",
                        "toolTip": "Virtual Network Resource Group Name",
                        "visible": true
                    },
                    {
                        "name": "VirtualNetworkName",
                        "type": "Microsoft.Common.TextBox",
                        "label": "Virtual Network Name",
                        "defaultValue": "",
                        "toolTip": "Virtual Network Name",
                        "visible": true
                    },
                    {
                        "name": "VirtualNetworSubnetName",
                        "type": "Microsoft.Common.TextBox",
                        "label": "Virtual Network Subnet",
                        "defaultValue": "",
                        "toolTip": "Virtual Network Subnet",
                        "visible": true
                    },
                    {
                        "name": "BastionStopPolicy",
                        "type": "Microsoft.Common.TextBox",
                        "label": "Bastion Stop policy",
                        "defaultValue": "",
                        "toolTip": "Bastion Stop policy",
                        "visible": true
                    },
                    {
                        "name": "BastionStartPolicy",
                        "type": "Microsoft.Common.TextBox",
                        "label": "Bastion Start policy",
                        "defaultValue": "",
                        "toolTip": "Bastion Start policy",
                        "visible": true
                    },
                    {
                        "name": "BastionRebuildPolicy",
                        "type": "Microsoft.Common.TextBox",
                        "label": "Bastion Start policy",
                        "defaultValue": "",
                        "toolTip": "Bastion Start policy",
                        "visible": true
                    },
                    {
                        "name": "SnapshotResourceUri",
                        "type": "Microsoft.Common.TextBox",
                        "label": "Resource URI for Snapshot",
                        "defaultValue": "/subscriptions/<SubscriptionID>/resourceGroups/<Resource Group Name>/providers/Microsoft.Compute/snapshots/<Snapshot Name>",
                        "toolTip": "Use only allowed characters",
                        "visible": true
                    },
                    {
                        "name": "chocolateypackage",
                        "type": "Microsoft.Common.TextBox",
                        "label": "Chocolatey package",
                        "defaultValue": "",
                        "toolTip": "Chocolatey package",
                        "visible": true
                    }
                ]                
            }
        ],
        "outputs": {
            "adminUsername": "[steps('Rebuild').adminUsername]",
            "vmNamePrefix": "[steps('Rebuild').vmNamePrefix]",
            "adminPassword": "[steps('Rebuild').adminPassword.password]",
            "Expiration": "[addHours(utcNow(), 168)]",
            "VMOwner": "[steps('Rebuild').Owner]",
            "BastionRebuildPolicy": "[steps('Rebuild').BastionRebuildPolicy]",
            "BastionStartPolicy":"[steps('Rebuild').BastionStartPolicy]",
            "BastionStopPolicy":"[steps('Rebuild').BastionStopPolicy]",
            "ServiceType": "Bastion",
            "windowsOSVersion" : "[steps('Rebuild').Sku]",
            "chocolateypackage": "[steps('Rebuild').chocolateypackage]",
            "SnapshotResourceUri": "[steps('Rebuild').SnapshotResourceUri]",
            "SelfStartPolicy": "Yes",
            "SelfStopPolicy": "Yes",
            "SelfRebootPolicy": "Yes",
            "VNETResourfeGroupName": "[steps('Rebuild').virtualNetwork.resourceGroup]",
            "virtualNetworkName": "[steps('Rebuild').virtualNetwork.name]",
            "subnetName": "[steps('Rebuild').virtualNetwork.subnets.subnet1.name]"
        }
    }
}